{
  "Internal": {
    "M3": {
      "N": 51,
      "TP": 18,
      "TN": 23,
      "FP": 6,
      "FN": 4,
      "Acc": [
        0.803921568627451,
        0.6754192051863439,
        0.889846574875333
      ],
      "Sen": [
        0.8181818181818182,
        0.6148339256287345,
        0.9269311541657794
      ],
      "Spec": [
        0.7931034482758621,
        0.6160990959613211,
        0.9015392980215897
      ],
      "PPV": [
        0.75,
        0.55100555994846,
        0.8800063377140499
      ],
      "NPV": [
        0.8518518518518519,
        0.6752131457218702,
        0.9408407222375568
      ]
    },
    "M4": {
      "N": 51,
      "TP": 18,
      "TN": 13,
      "FP": 16,
      "FN": 4,
      "Acc": [
        0.6078431372549019,
        0.4708515898394834,
        0.7297265901824019
      ],
      "Sen": [
        0.8181818181818182,
        0.6148339256287345,
        0.9269311541657794
      ],
      "Spec": [
        0.4482758620689655,
        0.28413168023037194,
        0.6245203678902909
      ],
      "PPV": [
        0.5294117647058824,
        0.3673671298006892,
        0.6854849552491152
      ],
      "NPV": [
        0.7647058823529411,
        0.5273820188043501,
        0.9044495567791988
      ]
    },
    "M5": {
      "N": 51,
      "TP": 15,
      "TN": 20,
      "FP": 9,
      "FN": 7,
      "Acc": [
        0.6862745098039216,
        0.5497300046930566,
        0.7967232153447456
      ],
      "Sen": [
        0.6818181818181818,
        0.47318597741042745,
        0.8363940681864375
      ],
      "Spec": [
        0.6896551724137931,
        0.5076986576690685,
        0.8272438325551679
      ],
      "PPV": [
        0.625,
        0.42709962442674276,
        0.7884063244045122
      ],
      "NPV": [
        0.7407407407407407,
        0.5532142868544692,
        0.8682962543809281
      ]
    },
    "M4_to_M3": {
      "step1_pos": 34,
      "step1_neg": 17,
      "step1_neg_TN": 13,
      "step1_neg_FN": 4,
      "step2_pos": 20,
      "step2_neg": 14,
      "step2_pos_TP": 16,
      "step2_pos_FP": 4,
      "step2_neg_TN": 12,
      "step2_neg_FN": 2,
      "TP": 16,
      "TN": 25,
      "FP": 4,
      "FN": 6,
      "N": 51,
      "Acc": [
        0.803921568627451,
        0.6754192051863439,
        0.889846574875333
      ],
      "Sen": [
        0.7272727272727273,
        0.5184826598759762,
        0.8684923971201053
      ],
      "Spec": [
        0.8620689655172413,
        0.6944100627964798,
        0.9450256003588804
      ],
      "PPV": [
        0.8,
        0.5839825677481064,
        0.919342337420202
      ],
      "NPV": [
        0.8064516129032258,
        0.6371974218820453,
        0.908129916384139
      ],
      "RA": 33.33333333333333,
      "OR": 0.5925925925925926,
      "OR_lower": 0.1413533737543493,
      "OR_upper": 2.4843126942685045,
      "P_value": 0.7205127812047835
    },
    "M5_to_M3": {
      "step1_pos": 24,
      "step1_neg": 27,
      "step1_neg_TN": 20,
      "step1_neg_FN": 7,
      "step2_pos": 16,
      "step2_neg": 8,
      "step2_pos_TP": 13,
      "step2_pos_FP": 3,
      "step2_neg_TN": 6,
      "step2_neg_FN": 2,
      "TP": 13,
      "TN": 26,
      "FP": 3,
      "FN": 9,
      "N": 51,
      "Acc": [
        0.7647058823529411,
        0.632377748398347,
        0.8599505116553716
      ],
      "Sen": [
        0.5909090909090909,
        0.38734818476315136,
        0.7674418380352813
      ],
      "Spec": [
        0.896551724137931,
        0.736149189092262,
        0.9641851086493229
      ],
      "PPV": [
        0.8125,
        0.5699111903802586,
        0.9340840092857187
      ],
      "NPV": [
        0.7428571428571429,
        0.5793069315616084,
        0.8583697293093955
      ],
      "RA": 52.94117647058824,
      "OR": 0.32098765432098764,
      "OR_lower": 0.08099490020140489,
      "OR_upper": 1.272093353659107,
      "P_value": 0.18538348331314863
    }
  },
  "Prospective": {
    "M3": {
      "N": 100,
      "TP": 26,
      "TN": 53,
      "FP": 8,
      "FN": 13,
      "Acc": [
        0.79,
        0.7002003116591013,
        0.858343459380847
      ],
      "Sen": [
        0.6666666666666666,
        0.5097739439934599,
        0.7936704381040163
      ],
      "Spec": [
        0.8688524590163934,
        0.7619811980700654,
        0.932019227250999
      ],
      "PPV": [
        0.7647058823529411,
        0.6000386207746361,
        0.8756301446736042
      ],
      "NPV": [
        0.803030303030303,
        0.6916121200582055,
        0.8811136029638906
      ]
    },
    "M4": {
      "N": 100,
      "TP": 38,
      "TN": 24,
      "FP": 37,
      "FN": 1,
      "Acc": [
        0.62,
        0.5220975529551107,
        0.7090240074752127
      ],
      "Sen": [
        0.9743589743589743,
        0.8681900983014993,
        0.99545929689901
      ],
      "Spec": [
        0.39344262295081966,
        0.28068351453037077,
        0.5188274737102107
      ],
      "PPV": [
        0.5066666666666667,
        0.3959837845781367,
        0.6166998975220928
      ],
      "NPV": [
        0.96,
        0.8045593626380625,
        0.9929037664980127
      ]
    },
    "M5": {
      "N": 100,
      "TP": 31,
      "TN": 38,
      "FP": 23,
      "FN": 8,
      "Acc": [
        0.69,
        0.5937394428051057,
        0.7722030278762395
      ],
      "Sen": [
        0.7948717948717948,
        0.644660319864177,
        0.8922028176928961
      ],
      "Spec": [
        0.6229508196721312,
        0.49747857841819165,
        0.7338548966888299
      ],
      "PPV": [
        0.5740740740740741,
        0.4416273382599005,
        0.6966817598007073
      ],
      "NPV": [
        0.8260869565217391,
        0.692766462836215,
        0.9091420829775368
      ]
    },
    "M4_to_M3": {
      "step1_pos": 75,
      "step1_neg": 25,
      "step1_neg_TN": 24,
      "step1_neg_FN": 1,
      "step2_pos": 32,
      "step2_neg": 43,
      "step2_pos_TP": 25,
      "step2_pos_FP": 7,
      "step2_neg_TN": 30,
      "step2_neg_FN": 13,
      "TP": 25,
      "TN": 54,
      "FP": 7,
      "FN": 14,
      "N": 100,
      "Acc": [
        0.79,
        0.7002003116591013,
        0.858343459380847
      ],
      "Sen": [
        0.6410256410256411,
        0.4841814855954854,
        0.7725791454100714
      ],
      "Spec": [
        0.8852459016393442,
        0.7815569152759893,
        0.9432879733926779
      ],
      "PPV": [
        0.78125,
        0.6124500635075647,
        0.8897616374739581
      ],
      "NPV": [
        0.7941176470588235,
        0.6835771755481059,
        0.8732043912047938
      ],
      "RA": 25.0,
      "OR": 0.8928571428571429,
      "OR_lower": 0.35106745890603236,
      "OR_upper": 2.270771207434522,
      "P_value": 1.0
    },
    "M5_to_M3": {
      "step1_pos": 54,
      "step1_neg": 46,
      "step1_neg_TN": 38,
      "step1_neg_FN": 8,
      "step2_pos": 28,
      "step2_neg": 26,
      "step2_pos_TP": 22,
      "step2_pos_FP": 6,
      "step2_neg_TN": 17,
      "step2_neg_FN": 9,
      "TP": 22,
      "TN": 55,
      "FP": 6,
      "FN": 17,
      "N": 100,
      "Acc": [
        0.77,
        0.6784561697712622,
        0.8415673411969654
      ],
      "Sen": [
        0.5641025641025641,
        0.40975691648669477,
        0.7069524612431037
      ],
      "Spec": [
        0.9016393442622951,
        0.8015539278317405,
        0.9541354241845295
      ],
      "PPV": [
        0.7857142857142857,
        0.6046141434627812,
        0.8978753966710211
      ],
      "NPV": [
        0.7638888888888888,
        0.6540123102714637,
        0.8470329041915168
      ],
      "RA": 46.0,
      "OR": 0.6470588235294118,
      "OR_lower": 0.25822227706257,
      "OR_upper": 1.621413635841398,
      "P_value": 0.48504462162039286
    }
  }
}