{
  "thresholds": {
    "M3": 0.984,
    "M4": 0.438,
    "M5": 0.437
  },
  "single_model": {
    "Test": {
      "M3": {
        "n": 51,
        "Acc": 0.803921568627451,
        "Acc_CI": [
          0.6754165732550456,
          0.8898477516370072
        ],
        "Sen": 0.8181818181818182,
        "Sen_CI": [
          0.6148297802336213,
          0.9269323397589488
        ],
        "Spec": 0.7931034482758621,
        "Spec_CI": [
          0.6160955339174228,
          0.9015406348441479
        ],
        "PPV": 0.75,
        "PPV_CI": [
          0.5510017468789357,
          0.8800079652065766
        ],
        "NPV": 0.8518518518518519,
        "NPV_CI": [
          0.6752093665317052,
          0.9408416814035512
        ]
      },
      "M4": {
        "n": 51,
        "Acc": 0.7450980392156863,
        "Acc_CI": [
          0.6113145589385128,
          0.8445437675873361
        ],
        "Sen": 0.6818181818181818,
        "Sen_CI": [
          0.47318222782839336,
          0.8363961264530752
        ],
        "Spec": 0.7931034482758621,
        "Spec_CI": [
          0.6160955339174228,
          0.9015406348441479
        ],
        "PPV": 0.7142857142857143,
        "PPV_CI": [
          0.500432261771624,
          0.8618632425437179
        ],
        "NPV": 0.7666666666666667,
        "NPV_CI": [
          0.5907132766967574,
          0.8820776078949878
        ]
      },
      "M5": {
        "n": 51,
        "Acc": 0.6470588235294118,
        "Acc_CI": [
          0.5098580497281073,
          0.7636569461874021
        ],
        "Sen": 0.7727272727272727,
        "Sen_CI": [
          0.5655964393704065,
          0.8987710920517964
        ],
        "Spec": 0.5517241379310345,
        "Spec_CI": [
          0.37547667068067625,
          0.715870888512542
        ],
        "PPV": 0.5666666666666667,
        "PPV_CI": [
          0.3919700954540873,
          0.7262276256938489
        ],
        "NPV": 0.7619047619047619,
        "NPV_CI": [
          0.5490841802765406,
          0.8937214361088773
        ]
      }
    },
    "External": {
      "M3": {
        "n": 100,
        "Acc": 0.79,
        "Acc_CI": [
          0.7001985069803768,
          0.8583445046835422
        ],
        "Sen": 0.6666666666666666,
        "Sen_CI": [
          0.5097710432024052,
          0.7936723389308484
        ],
        "Spec": 0.8688524590163934,
        "Spec_CI": [
          0.761978875735935,
          0.932020038541319
        ],
        "PPV": 0.7647058823529411,
        "PPV_CI": [
          0.6000353719173557,
          0.8756316189075566
        ],
        "NPV": 0.803030303030303,
        "NPV_CI": [
          0.6916098449524694,
          0.8811147203495856
        ]
      },
      "M4": {
        "n": 100,
        "Acc": 0.68,
        "Acc_CI": [
          0.5833719774632081,
          0.7633098918454312
        ],
        "Sen": 0.8205128205128205,
        "Sen_CI": [
          0.6733164837555724,
          0.9102284818853
        ],
        "Spec": 0.5901639344262295,
        "Spec_CI": [
          0.46499566253828867,
          0.7046485165072622
        ],
        "PPV": 0.5614035087719298,
        "PPV_CI": [
          0.43277781142939187,
          0.6822750471410599
        ],
        "NPV": 0.8372093023255814,
        "NPV_CI": [
          0.7002730466408176,
          0.9188347549714246
        ]
      },
      "M5": {
        "n": 100,
        "Acc": 0.66,
        "Acc_CI": [
          0.5627754565831095,
          0.74538620502457
        ],
        "Sen": 0.8205128205128205,
        "Sen_CI": [
          0.6733164837555724,
          0.9102284818853
        ],
        "Spec": 0.5573770491803278,
        "Spec_CI": [
          0.4330314670045551,
          0.6749239196607956
        ],
        "PPV": 0.5423728813559322,
        "PPV_CI": [
          0.4165761502342809,
          0.6629889785975757
        ],
        "NPV": 0.8292682926829268,
        "NPV_CI": [
          0.6873709004537024,
          0.914748560047261
        ]
      }
    }
  },
  "twostep": {}
}