{
  "Internal_M4_to_M3": {
    "step1_pos": 32,
    "step1_neg": 19,
    "step1_neg_TN": 15,
    "step1_neg_FN": 4,
    "step2_pos": 20,
    "step2_neg": 12,
    "step2_pos_TP": 16,
    "step2_pos_FP": 4,
    "step2_neg_TN": 10,
    "step2_neg_FN": 2,
    "TP": 16,
    "TN": 25,
    "FP": 4,
    "FN": 6,
    "N": 51,
    "Sen": 0.7272727272727273,
    "Spec": 0.8620689655172413,
    "PPV": 0.8,
    "NPV": 0.8064516129032258,
    "Acc": 0.803921568627451,
    "RA": 37.254901960784316
  },
  "Internal_M5_to_M3": {
    "step1_pos": 40,
    "step1_neg": 11,
    "step1_neg_TN": 10,
    "step1_neg_FN": 1,
    "step2_pos": 21,
    "step2_neg": 19,
    "step2_pos_TP": 17,
    "step2_pos_FP": 4,
    "step2_neg_TN": 15,
    "step2_neg_FN": 4,
    "TP": 17,
    "TN": 25,
    "FP": 4,
    "FN": 5,
    "N": 51,
    "Sen": 0.7727272727272727,
    "Spec": 0.8620689655172413,
    "PPV": 0.8095238095238095,
    "NPV": 0.8333333333333334,
    "Acc": 0.8235294117647058,
    "RA": 21.568627450980394
  },
  "Prospective_M4_to_M3": {
    "step1_pos": 68,
    "step1_neg": 32,
    "step1_neg_TN": 28,
    "step1_neg_FN": 4,
    "step2_pos": 33,
    "step2_neg": 35,
    "step2_pos_TP": 26,
    "step2_pos_FP": 7,
    "step2_neg_TN": 26,
    "step2_neg_FN": 9,
    "TP": 26,
    "TN": 54,
    "FP": 7,
    "FN": 13,
    "N": 100,
    "Sen": 0.6666666666666666,
    "Spec": 0.8852459016393442,
    "PPV": 0.7878787878787878,
    "NPV": 0.8059701492537313,
    "Acc": 0.8,
    "RA": 32.0
  },
  "Prospective_M5_to_M3": {
    "step1_pos": 79,
    "step1_neg": 21,
    "step1_neg_TN": 19,
    "step1_neg_FN": 2,
    "step2_pos": 33,
    "step2_neg": 46,
    "step2_pos_TP": 26,
    "step2_pos_FP": 7,
    "step2_neg_TN": 35,
    "step2_neg_FN": 11,
    "TP": 26,
    "TN": 54,
    "FP": 7,
    "FN": 13,
    "N": 100,
    "Sen": 0.6666666666666666,
    "Spec": 0.8852459016393442,
    "PPV": 0.7878787878787878,
    "NPV": 0.8059701492537313,
    "Acc": 0.8,
    "RA": 21.0
  }
}