{
  "Internal_M4_to_M3": {
    "TP": 20,
    "TN": 24,
    "FP": 5,
    "FN": 2,
    "Sen": 0.9090909090909091,
    "Spec": 0.8275862068965517,
    "PPV": 0.8,
    "NPV": 0.9230769230769231,
    "Acc": 0.8627450980392157,
    "N": 51,
    "step1_pos": 45,
    "step1_neg": 6,
    "step1_neg_TN": 6,
    "step1_neg_FN": 0,
    "step2_pos": 25,
    "step2_neg": 20,
    "step2_pos_TP": 20,
    "step2_pos_FP": 5,
    "step2_neg_TN": 18,
    "step2_neg_FN": 2,
    "RA": 11.764705882352944
  },
  "Internal_M5_to_M3": {
    "TP": 19,
    "TN": 25,
    "FP": 4,
    "FN": 3,
    "Sen": 0.8636363636363636,
    "Spec": 0.8620689655172413,
    "PPV": 0.8260869565217391,
    "NPV": 0.8928571428571429,
    "Acc": 0.8627450980392157,
    "N": 51,
    "step1_pos": 38,
    "step1_neg": 13,
    "step1_neg_TN": 12,
    "step1_neg_FN": 1,
    "step2_pos": 23,
    "step2_neg": 15,
    "step2_pos_TP": 19,
    "step2_pos_FP": 4,
    "step2_neg_TN": 13,
    "step2_neg_FN": 2,
    "RA": 25.49019607843137
  },
  "Prospective_M4_to_M3": {
    "TP": 36,
    "TN": 50,
    "FP": 11,
    "FN": 3,
    "Sen": 0.9230769230769231,
    "Spec": 0.819672131147541,
    "PPV": 0.7659574468085106,
    "NPV": 0.9433962264150944,
    "Acc": 0.86,
    "N": 100,
    "step1_pos": 75,
    "step1_neg": 25,
    "step1_neg_TN": 24,
    "step1_neg_FN": 1,
    "step2_pos": 47,
    "step2_neg": 28,
    "step2_pos_TP": 36,
    "step2_pos_FP": 11,
    "step2_neg_TN": 26,
    "step2_neg_FN": 2,
    "RA": 25.0
  },
  "Prospective_M5_to_M3": {
    "TP": 34,
    "TN": 51,
    "FP": 10,
    "FN": 5,
    "Sen": 0.8717948717948718,
    "Spec": 0.8360655737704918,
    "PPV": 0.7727272727272727,
    "NPV": 0.9107142857142857,
    "Acc": 0.85,
    "N": 100,
    "step1_pos": 65,
    "step1_neg": 35,
    "step1_neg_TN": 31,
    "step1_neg_FN": 4,
    "step2_pos": 44,
    "step2_neg": 21,
    "step2_pos_TP": 34,
    "step2_pos_FP": 10,
    "step2_neg_TN": 20,
    "step2_neg_FN": 1,
    "RA": 35.0
  }
}