{
  "M3": 0.984,
  "M4": 0.18000000000000002,
  "M5": 0.5300000000000001
}